Workbook

Sheet DEMANDA
A1: 🦑 CONTROLE DE DEMANDA — SOMENTE FACILITADOR
A2: Semana | B2: Demanda Real | C2: Observação
A3: 1 | B3: 4 | C3: Normal
A4: 2 | B4: 4 | C4: Normal
A5: 3 | B5: 4 | C5: Normal
A6: 4 | B6: 4 | C6: Normal
A7: 5 | B7: 8 | C7: ⚡ PICO DO KRAKEN!
A8: 6 | B8: 4 | C8: Normal
A9: 7 | B9: 4 | C9: Normal
A10: 8 | B10: 4 | C10: Normal
A11: 9 | B11: 4 | C11: Normal
A12: 10 | B12: 4 | C12: Normal
A13: 11 | B13: 4 | C13: Normal
A14: 12 | B14: 4 | C14: Normal
... A17: 15 | B17: 4 | C17: Normal

Sheet UCI
A1: 🦑 OPERAÇÃO KRAKEN | ALMOX DA UCI
A2: ⚠️ Preencha APENAS a coluna amarela "MEU PEDIDO". Não altere as outras células!
A3: Semana | B3: Chegou | C3: Pedido Recebido | D3: Backorder Herdado | E3: Disponível | F3: Atendi | G3: Backorder Novo | H3: Estoque Final | I3: Custo Semana | J3: Custo Acumulado | K3: MEU PEDIDO ▼
A4: 1 | B4: 4 | C4: =DEMANDA!B3 | D4: 0 | E4: =8+B4 | F4: =MIN(E4,C4+D4) | G4: =MAX(0,C4+D4-E4) | H4: =MAX(0,E4-F4) | I4: =H4*50+G4*100 | J4: =I4
A5: 2 | B5: 4 | C5: =DEMANDA!B4 | D5: =G4 | E5: =H4+B5 | F5: =MIN(E5,C5+D5) | G5: =MAX(0,C5+D5-E5) | H5: =MAX(0,E5-F5) | I5: =H5*50+G5*100 | J5: =J4+I5
A6: 3 | B6: =BAFM!F4 | C6: =DEMANDA!B5 | D6: =G5 | E6: =H5+B6 | F6: =MIN(E6,C6+D6) | G6: =MAX(0,C6+D6-E6) | H6: =MAX(0,E6-F6) | I6: =H6*50+G6*100 | J6: =J5+I6
A7: 4 | B7: =BAFM!F5 | C7: =DEMANDA!B6 | D7: =G6 | E7: =H6+B7 | F7: =MIN(E7,C7+D7) | G7: =MAX(0,C7+D7-E7) | H7: =MAX(0,E7-F7) | I7: =H7*50+G7*100 | J7: =J6+I7
A8: 5 | B8: =BAFM!F6 | C8: =DEMANDA!B7 | D8: =G7 | E8: =H7+B8 | F8: =MIN(E8,C8+D8) | G8: =MAX(0,C8+D8-E8) | H8: =MAX(0,E8-F8) | I8: =H8*50+G8*100 | J8: =J7+I8
A9: 6 | B9: =BAFM!F7 | C9: =DEMANDA!B8 | D9: =G8 | E9: =H8+B9 | F9: =MIN(E9,C9+D9) | G9: =MAX(0,C9+D9-E9) | H9: =MAX(0,E9-F9) | I9: =H9*50+G9*100 | J9: =J8+I9
A10: 7 | B10: =BAFM!F8 | C10: =DEMANDA!B9 | D10: =G9 | E10: =H9+B10 | F10: =MIN(E10,C10+D10) | G10: =MAX(0,C10+D10-E10) | H10: =MAX(0,E10-F10) | I10: =H10*50+G10*100 | J10: =J9+I10
A11: 8 | B11: =BAFM!F9 | C11: =DEMANDA!B10 | D11: =G10 | E11: =H10+B11 | F11: =MIN(E11,C11+D11) | G11: =MAX(0,C11+D11-E11) | H11: =MAX(0,E11-F11) | I11: =H11*50+G11*100 | J11: =J10+I11
A12: 9 | B12: =BAFM!F10 | C12: =DEMANDA!B11 | D12: =G11 | E12: =H11+B12 | F12: =MIN(E12,C12+D12) | G12: =MAX(0,C12+D12-E12) | H12: =MAX(0,E12-F12) | I12: =H12*50+G12*100 | J12: =J11+I12
A13: 10 | B13: =BAFM!F11 | C13: =DEMANDA!B12 | D13: =G12 | E13: =H12+B13 | F13: =MIN(E13,C13+D13) | G13: =MAX(0,C13+D13-E13) | H13: =MAX(0,E13-F13) | I13: =H13*50+G13*100 | J13: =J12+I13
A14: 11 | B14: =BAFM!F12 | C14: =DEMANDA!B13 | D14: =G13 | E14: =H13+B14 | F14: =MIN(E14,C14+D14) | G14: =MAX(0,C14+D14-E14) | H14: =MAX(0,E14-F14) | I14: =H14*50+G14*100 | J14: =J13+I14
A15: 12 | B15: =BAFM!F13 | C15: =DEMANDA!B14 | D15: =G14 | E15: =H14+B15 | F15: =MIN(E15,C15+D15) | G15: =MAX(0,C15+D15-E15) | H15: =MAX(0,E15-F15) | I15: =H15*50+G15*100 | J15: =J14+I15
A16: 13 | B16: =BAFM!F14 | C16: =DEMANDA!B15 | D16: =G15 | E16: =H15+B16 | F16: =MIN(E16,C16+D16) | G16: =MAX(0,C16+D16-E16) | H16: =MAX(0,E16-F16) | I16: =H16*50+G16*100 | J16: =J15+I16
A17: 14 | B17: =BAFM!F15 | C17: =DEMANDA!B16 | D17: =G16 | E17: =H16+B17 | F17: =MIN(E17,C17+D17) | G17: =MAX(0,C17+D17-E17) | H17: =MAX(0,E17-F17) | I17: =H17*50+G17*100 | J17: =J16+I17
A18: 15 | B18: =BAFM!F16 | C18: =DEMANDA!B17 | D18: =G17 | E18: =H17+B18 | F18: =MIN(E18,C18+D18) | G18: =MAX(0,C18+D18-E18) | H18: =MAX(0,E18-F18) | I18: =H18*50+G18*100 | J18: =J17+I18
A19: TOTAL | I19: =SUM(I4:I18) | J19: =SUM(I4:I18) | K19: =SUM(K4:K18)

Sheet BAFM
A1: 🦑 OPERAÇÃO KRAKEN | ALMOX DA BAFM
A2: ⚠️ Preencha APENAS a coluna amarela "MEU PEDIDO". Não altere as outras células!
A3: Semana | B3: Chegou | C3: Pedido Recebido | D3: Backorder Herdado | E3: Disponível | F3: Atendi | G3: Backorder Novo | H3: Estoque Final | I3: Custo Semana | J3: Custo Acumulado | K3: MEU PEDIDO ▼
A4: 1 | B4: 4 | C4: =UCI!K4 | D4: 0 | E4: =8+B4 | F4: =MIN(E4,C4+D4) | G4: =MAX(0,C4+D4-E4) | H4: =MAX(0,E4-F4) | I4: =H4*50+G4*100 | J4: =I4
A5: 2 | B5: 4 | C5: =UCI!K5 | D5: =G4 | E5: =H4+B5 | F5: =MIN(E5,C5+D5) | G5: =MAX(0,C5+D5-E5) | H5: =MAX(0,E5-F5) | I5: =H5*50+G5*100 | J5: =J4+I5
A6: 3 | B6: ='GAP-FM'!F4 | C6: =UCI!K6 | D6: =G5 | E6: =H5+B6 | F6: =MIN(E6,C6+D6) | G6: =MAX(0,C6+D6-E6) | H6: =MAX(0,E6-F6) | I6: =H6*50+G6*100 | J6: =J5+I6
A7: 4 | B7: ='GAP-FM'!F5 | C7: =UCI!K7 | D7: =G6 | E7: =H6+B7 | F7: =MIN(E7,C7+D7) | G7: =MAX(0,C7+D7-E7) | H7: =MAX(0,E7-F7) | I7: =H7*50+G7*100 | J7: =J6+I7
A8: 5 | B8: ='GAP-FM'!F6 | C8: =UCI!K8 | D8: =G7 | E8: =H7+B8 | F8: =MIN(E8,C8+D8) | G8: =MAX(0,C8+D8-E8) | H8: =MAX(0,E8-F8) | I8: =H8*50+G8*100 | J8: =J7+I8
A9: 6 | B9: ='GAP-FM'!F7 | C9: =UCI!K9 | D9: =G8 | E9: =H8+B9 | F9: =MIN(E9,C9+D9) | G9: =MAX(0,C9+D9-E9) | H9: =MAX(0,E9-F9) | I9: =H9*50+G9*100 | J9: =J8+I9
A10: 7 | B10: ='GAP-FM'!F8 | C10: =UCI!K10 | D10: =G9 | E10: =H9+B10 | F10: =MIN(E10,C10+D10) | G10: =MAX(0,C10+D10-E10) | H10: =MAX(0,E10-F10) | I10: =H10*50+G10*100 | J10: =J9+I10
A11: 8 | B11: ='GAP-FM'!F9 | C11: =UCI!K11 | D11: =G10 | E11: =H10+B11 | F11: =MIN(E11,C11+D11) | G11: =MAX(0,C11+D11-E11) | H11: =MAX(0,E11-F11) | I11: =H11*50+G11*100 | J11: =J10+I11
A12: 9 | B12: ='GAP-FM'!F10 | C12: =UCI!K12 | D12: =G11 | E12: =H11+B12 | F12: =MIN(E12,C12+D12) | G12: =MAX(0,C12+D12-E12) | H12: =MAX(0,E12-F12) | I12: =H12*50+G12*100 | J12: =J11+I12
A13: 10 | B13: ='GAP-FM'!F11 | C13: =UCI!K13 | D13: =G12 | E13: =H12+B13 | F13: =MIN(E13,C13+D13) | G13: =MAX(0,C13+D13-E13) | H13: =MAX(0,E13-F13) | I13: =H13*50+G13*100 | J13: =J12+I13
A14: 11 | B14: ='GAP-FM'!F12 | C14: =UCI!K14 | D14: =G13 | E14: =H13+B14 | F14: =MIN(E14,C14+D14) | G14: =MAX(0,C14+D14-E14) | H14: =MAX(0,E14-F14) | I14: =H14*50+G14*100 | J14: =J13+I14
A15: 12 | B15: ='GAP-FM'!F13 | C15: =UCI!K15 | D15: =G14 | E15: =H14+B15 | F15: =MIN(E15,C15+D15) | G15: =MAX(0,C15+D15-E15) | H15: =MAX(0,E15-F15) | I15: =H15*50+G15*100 | J15: =J14+I15
A16: 13 | B16: ='GAP-FM'!F14 | C16: =UCI!K16 | D16: =G15 | E16: =H15+B16 | F16: =MIN(E16,C16+D16) | G16: =MAX(0,C16+D16-E16) | H16: =MAX(0,E16-F16) | I16: =H16*50+G16*100 | J16: =J15+I16
A17: 14 | B17: ='GAP-FM'!F15 | C17: =UCI!K17 | D17: =G16 | E17: =H16+B17 | F17: =MIN(E17,C17+D17) | G17: =MAX(0,C17+D17-E17) | H17: =MAX(0,E17-F17) | I17: =H17*50+G17*100 | J17: =J16+I17
A18: 15 | B18: ='GAP-FM'!F16 | C18: =UCI!K18 | D18: =G17 | E18: =H17+B18 | F18: =MIN(E18,C18+D18) | G18: =MAX(0,C18+D18-E18) | H18: =MAX(0,E18-F18) | I18: =H18*50+G18*100 | J18: =J17+I18
A19: TOTAL | I19: =SUM(I4:I18) | J19: =SUM(I4:I18) | K19: =SUM(K4:K18)

Sheet GAP-FM
A1: 🦑 OPERAÇÃO KRAKEN | ALMOX DO GAP-FM
A2: ⚠️ Preencha APENAS a coluna amarela "MEU PEDIDO". Não altere as outras células!
A3: Semana | B3: Chegou | C3: Pedido Recebido | D3: Backorder Herdado | E3: Disponível | F3: Atendi | G3: Backorder Novo | H3: Estoque Final | I3: Custo Semana | J3: Custo Acumulado | K3: MEU PEDIDO ▼
A4: 1 | B4: 4 | C4: =BAFM!K4 | D4: 0 | E4: =8+B4 | F4: =MIN(E4,C4+D4) | G4: =MAX(0,C4+D4-E4) | H4: =MAX(0,E4-F4) | I4: =H4*50+G4*100 | J4: =I4
A5: 2 | B5: 4 | C5: =BAFM!K5 | D5: =G4 | E5: =H4+B5 | F5: =MIN(E5,C5+D5) | G5: =MAX(0,C5+D5-E5) | H5: =MAX(0,E5-F5) | I5: =H5*50+G5*100 | J5: =J4+I5
A6: 3 | B6: =SDAB!F4 | C6: =BAFM!K6 | D6: =G5 | E6: =H5+B6 | F6: =MIN(E6,C6+D6) | G6: =MAX(0,C6+D6-E6) | H6: =MAX(0,E6-F6) | I6: =H6*50+G6*100 | J6: =J5+I6
A7: 4 | B7: =SDAB!F5 | C7: =BAFM!K7 | D7: =G6 | E7: =H6+B7 | F7: =MIN(E7,C7+D7) | G7: =MAX(0,C7+D7-E7) | H7: =MAX(0,E7-F7) | I7: =H7*50+G7*100 | J7: =J6+I7
A8: 5 | B8: =SDAB!F6 | C8: =BAFM!K8 | D8: =G7 | E8: =H7+B8 | F8: =MIN(E8,C8+D8) | G8: =MAX(0,C8+D8-E8) | H8: =MAX(0,E8-F8) | I8: =H8*50+G8*100 | J8: =J7+I8
A9: 6 | B9: =SDAB!F7 | C9: =BAFM!K9 | D9: =G8 | E9: =H8+B9 | F9: =MIN(E9,C9+D9) | G9: =MAX(0,C9+D9-E9) | H9: =MAX(0,E9-F9) | I9: =H9*50+G9*100 | J9: =J8+I9
A10: 7 | B10: =SDAB!F8 | C10: =BAFM!K10 | D10: =G9 | E10: =H9+B10 | F10: =MIN(E10,C10+D10) | G10: =MAX(0,C10+D10-E10) | H10: =MAX(0,E10-F10) | I10: =H10*50+G10*100 | J10: =J9+I10
A11: 8 | B11: =SDAB!F9 | C11: =BAFM!K11 | D11: =G10 | E11: =H10+B11 | F11: =MIN(E11,C11+D11) | G11: =MAX(0,C11+D11-E11) | H11: =MAX(0,E11-F11) | I11: =H11*50+G11*100 | J11: =J10+I11
A12: 9 | B12: =SDAB!F10 | C12: =BAFM!K12 | D12: =G11 | E12: =H11+B12 | F12: =MIN(E12,C12+D12) | G12: =MAX(0,C12+D12-E12) | H12: =MAX(0,E12-F12) | I12: =H12*50+G12*100 | J12: =J11+I12
A13: 10 | B13: =SDAB!F11 | C13: =BAFM!K13 | D13: =G12 | E13: =H12+B13 | F13: =MIN(E13,C13+D13) | G13: =MAX(0,C13+D13-E13) | H13: =MAX(0,E13-F13) | I13: =H13*50+G13*100 | J13: =J12+I13
A14: 11 | B14: =SDAB!F12 | C14: =BAFM!K14 | D14: =G13 | E14: =H13+B14 | F14: =MIN(E14,C14+D14) | G14: =MAX(0,C14+D14-E14) | H14: =MAX(0,E14-F14) | I14: =H14*50+G14*100 | J14: =J13+I14
A15: 12 | B15: =SDAB!F13 | C15: =BAFM!K15 | D15: =G14 | E15: =H14+B15 | F15: =MIN(E15,C15+D15) | G15: =MAX(0,C15+D15-E15) | H15: =MAX(0,E15-F15) | I15: =H15*50+G15*100 | J15: =J14+I15
A16: 13 | B16: =SDAB!F14 | C16: =BAFM!K16 | D16: =G15 | E16: =H15+B16 | F16: =MIN(E16,C16+D16) | G16: =MAX(0,C16+D16-E16) | H16: =MAX(0,E16-F16) | I16: =H16*50+G16*100 | J16: =J15+I16
A17: 14 | B17: =SDAB!F15 | C17: =BAFM!K17 | D17: =G16 | E17: =H16+B17 | F17: =MIN(E17,C17+D17) | G17: =MAX(0,C17+D17-E17) | H17: =MAX(0,E17-F17) | I17: =H17*50+G17*100 | J17: =J16+I17
A18: 15 | B18: =SDAB!F16 | C18: =BAFM!K18 | D18: =G17 | E18: =H17+B18 | F18: =MIN(E18,C18+D18) | G18: =MAX(0,C18+D18-E18) | H18: =MAX(0,E18-F18) | I18: =H18*50+G18*100 | J18: =J17+I18
A19: TOTAL | I19: =SUM(I4:I18) | J19: =SUM(I4:I18) | K19: =SUM(K4:K18)

Sheet SDAB
A1: 🦑 OPERAÇÃO KRAKEN | DEPÓSITO CENTRAL DA SDAB
A2: ⚠️ Preencha APENAS a coluna amarela "MEU PEDIDO". Não altere as outras células!
A3: Semana | B3: Chegou | C3: Pedido Recebido | D3: Backorder Herdado | E3: Disponível | F3: Atendi | G3: Backorder Novo | H3: Estoque Final | I3: Custo Semana | J3: Custo Acumulado | K3: MEU PEDIDO ▼
A4: 1 | B4: 4 | C4: ='GAP-FM'!K4 | D4: 0 | E4: =8+B4 | F4: =MIN(E4,C4+D4) | G4: =MAX(0,C4+D4-E4) | H4: =MAX(0,E4-F4) | I4: =H4*50+G4*100 | J4: =I4
A5: 2 | B5: 4 | C5: ='GAP-FM'!K5 | D5: =G4 | E5: =H4+B5 | F5: =MIN(E5,C5+D5) | G5: =MAX(0,C5+D5-E5) | H5: =MAX(0,E5-F5) | I5: =H5*50+G5*100 | J5: =J4+I5
A6: 3 | B6: =Fabricante!F4 | C6: ='GAP-FM'!K6 | D6: =G5 | E6: =H5+B6 | F6: =MIN(E6,C6+D6) | G6: =MAX(0,C6+D6-E6) | H6: =MAX(0,E6-F6) | I6: =H6*50+G6*100 | J6: =J5+I6
A7: 4 | B7: =Fabricante!F5 | C7: ='GAP-FM'!K7 | D7: =G6 | E7: =H6+B7 | F7: =MIN(E7,C7+D7) | G7: =MAX(0,C7+D7-E7) | H7: =MAX(0,E7-F7) | I7: =H7*50+G7*100 | J7: =J6+I7
A8: 5 | B8: =Fabricante!F6 | C8: ='GAP-FM'!K8 | D8: =G7 | E8: =H7+B8 | F8: =MIN(E8,C8+D8) | G8: =MAX(0,C8+D8-E8) | H8: =MAX(0,E8-F8) | I8: =H8*50+G8*100 | J8: =J7+I8
A9: 6 | B9: =Fabricante!F7 | C9: ='GAP-FM'!K9 | D9: =G8 | E9: =H8+B9 | F9: =MIN(E9,C9+D9) | G9: =MAX(0,C9+D9-E9) | H9: =MAX(0,E9-F9) | I9: =H9*50+G9*100 | J9: =J8+I9
A10: 7 | B10: =Fabricante!F8 | C10: ='GAP-FM'!K10 | D10: =G9 | E10: =H9+B10 | F10: =MIN(E10,C10+D10) | G10: =MAX(0,C10+D10-E10) | H10: =MAX(0,E10-F10) | I10: =H10*50+G10*100 | J10: =J9+I10
A11: 8 | B11: =Fabricante!F9 | C11: ='GAP-FM'!K11 | D11: =G10 | E11: =H10+B11 | F11: =MIN(E11,C11+D11) | G11: =MAX(0,C11+D11-E11) | H11: =MAX(0,E11-F11) | I11: =H11*50+G11*100 | J11: =J10+I11
A12: 9 | B12: =Fabricante!F10 | C12: ='GAP-FM'!K12 | D12: =G11 | E12: =H11+B12 | F12: =MIN(E12,C12+D12) | G12: =MAX(0,C12+D12-E12) | H12: =MAX(0,E12-F12) | I12: =H12*50+G12*100 | J12: =J11+I12
A13: 10 | B13: =Fabricante!F11 | C13: ='GAP-FM'!K13 | D13: =G12 | E13: =H12+B13 | F13: =MIN(E13,C13+D13) | G13: =MAX(0,C13+D13-E13) | H13: =MAX(0,E13-F13) | I13: =H13*50+G13*100 | J13: =J12+I13
A14: 11 | B14: =Fabricante!F12 | C14: ='GAP-FM'!K14 | D14: =G13 | E14: =H13+B14 | F14: =MIN(E14,C14+D14) | G14: =MAX(0,C14+D14-E14) | H14: =MAX(0,E14-F14) | I14: =H14*50+G14*100 | J14: =J13+I14
A15: 12 | B15: =Fabricante!F13 | C15: ='GAP-FM'!K15 | D15: =G14 | E15: =H14+B15 | F15: =MIN(E15,C15+D15) | G15: =MAX(0,C15+D15-E15) | H15: =MAX(0,E15-F15) | I15: =H15*50+G15*100 | J15: =J14+I15
A16: 13 | B16: =Fabricante!F14 | C16: ='GAP-FM'!K16 | D16: =G15 | E16: =H15+B16 | F16: =MIN(E16,C16+D16) | G16: =MAX(0,C16+D16-E16) | H16: =MAX(0,E16-F16) | I16: =H16*50+G16*100 | J16: =J15+I16
A17: 14 | B17: =Fabricante!F15 | C17: ='GAP-FM'!K17 | D17: =G16 | E17: =H16+B17 | F17: =MIN(E17,C17+D17) | G17: =MAX(0,C17+D17-E17) | H17: =MAX(0,E17-F17) | I17: =H17*50+G17*100 | J17: =J16+I17
A18: 15 | B18: =Fabricante!F16 | C18: ='GAP-FM'!K18 | D18: =G17 | E18: =H17+B18 | F18: =MIN(E18,C18+D18) | G18: =MAX(0,C18+D18-E18) | H18: =MAX(0,E18-F18) | I18: =H18*50+G18*100 | J18: =J17+I18
A19: TOTAL | I19: =SUM(I4:I18) | J19: =SUM(I4:I18) | K19: =SUM(K4:K18)

Sheet Fabricante
A1: 🦑 OPERAÇÃO KRAKEN | FABRICANTE
A2: ⚠️ Preencha APENAS a coluna amarela "MEU PEDIDO". Não altere as outras células!
A3: Semana | B3: Chegou | C3: Pedido Recebido | D3: Backorder Herdado | E3: Disponível | F3: Atendi | G3: Backorder Novo | H3: Estoque Final | I3: Custo Semana | J3: Custo Acumulado | K3: MEU PEDIDO ▼
A4: 1 | B4: 4 | C4: =SDAB!K4 | D4: 0 | E4: =8+B4 | F4: =MIN(E4,C4+D4) | G4: =MAX(0,C4+D4-E4) | H4: =MAX(0,E4-F4) | I4: =H4*50+G4*100 | J4: =I4
A5: 2 | B5: 4 | C5: =SDAB!K5 | D5: =G4 | E5: =H4+B5 | F5: =MIN(E5,C5+D5) | G5: =MAX(0,C5+D5-E5) | H5: =MAX(0,E5-F5) | I5: =H5*50+G5*100 | J5: =J4+I5
A6: 3 | B6: =K4 | C6: =SDAB!K6 | D6: =G5 | E6: =H5+B6 | F6: =MIN(E6,C6+D6) | G6: =MAX(0,C6+D6-E6) | H6: =MAX(0,E6-F6) | I6: =H6*50+G6*100 | J6: =J5+I6
A7: 4 | B7: =K5 | C7: =SDAB!K7 | D7: =G6 | E7: =H6+B7 | F7: =MIN(E7,C7+D7) | G7: =MAX(0,C7+D7-E7) | H7: =MAX(0,E7-F7) | I7: =H7*50+G7*100 | J7: =J6+I7
A8: 5 | B8: =K6 | C8: =SDAB!K8 | D8: =G7 | E8: =H7+B8 | F8: =MIN(E8,C8+D8) | G8: =MAX(0,C8+D8-E8) | H8: =MAX(0,E8-F8) | I8: =H8*50+G8*100 | J8: =J7+I8
A9: 6 | B9: =K7 | C9: =SDAB!K9 | D9: =G8 | E9: =H8+B9 | F9: =MIN(E9,C9+D9) | G9: =MAX(0,C9+D9-E9) | H9: =MAX(0,E9-F9) | I9: =H9*50+G9*100 | J9: =J8+I9
A10: 7 | B10: =K8 | C10: =SDAB!K10 | D10: =G9 | E10: =H9+B10 | F10: =MIN(E10,C10+D10) | G10: =MAX(0,C10+D10-E10) | H10: =MAX(0,E10-F10) | I10: =H10*50+G10*100 | J10: =J9+I10
A11: 8 | B11: =K9 | C11: =SDAB!K11 | D11: =G10 | E11: =H10+B11 | F11: =MIN(E11,C11+D11) | G11: =MAX(0,C11+D11-E11) | H11: =MAX(0,E11-F11) | I11: =H11*50+G11*100 | J11: =J10+I11
A12: 9 | B12: =K10 | C12: =SDAB!K12 | D12: =G11 | E12: =H11+B12 | F12: =MIN(E12,C12+D12) | G12: =MAX(0,C12+D12-E12) | H12: =MAX(0,E12-F12) | I12: =H12*50+G12*100 | J12: =J11+I12
A13: 10 | B13: =K11 | C13: =SDAB!K13 | D13: =G12 | E13: =H12+B13 | F13: =MIN(E13,C13+D13) | G13: =MAX(0,C13+D13-E13) | H13: =MAX(0,E13-F13) | I13: =H13*50+G13*100 | J13: =J12+I13
A14: 11 | B14: =K12 | C14: =SDAB!K14 | D14: =G13 | E14: =H13+B14 | F14: =MIN(E14,C14+D14) | G14: =MAX(0,C14+D14-E14) | H14: =MAX(0,E14-F14) | I14: =H14*50+G14*100 | J14: =J13+I14
A15: 12 | B15: =K13 | C15: =SDAB!K15 | D15: =G14 | E15: =H14+B15 | F15: =MIN(E15,C15+D15) | G15: =MAX(0,C15+D15-E15) | H15: =MAX(0,E15-F15) | I15: =H15*50+G15*100 | J15: =J14+I15
A16: 13 | B16: =K14 | C16: =SDAB!K16 | D16: =G15 | E16: =H15+B16 | F16: =MIN(E16,C16+D16) | G16: =MAX(0,C16+D16-E16) | H16: =MAX(0,E16-F16) | I16: =H16*50+G16*100 | J16: =J15+I16
A17: 14 | B17: =K15 | C17: =SDAB!K17 | D17: =G16 | E17: =H16+B17 | F17: =MIN(E17,C17+D17) | G17: =MAX(0,C17+D17-E17) | H17: =MAX(0,E17-F17) | I17: =H17*50+G17*100 | J17: =J16+I17
A18: 15 | B18: =K16 | C18: =SDAB!K18 | D18: =G17 | E18: =H17+B18 | F18: =MIN(E18,C18+D18) | G18: =MAX(0,C18+D18-E18) | H18: =MAX(0,E18-F18) | I18: =H18*50+G18*100 | J18: =J17+I18
A19: TOTAL | I19: =SUM(I4:I18) | J19: =SUM(I4:I18) | K19: =SUM(K4:K18)

Sheet RESUMO
A1: 🦑 OPERAÇÃO KRAKEN — DEBRIEFING FINAL
A2: ⛔ Abra esta aba SOMENTE quando o instrutor autorizar!
A4: 📊 CUSTO TOTAL POR ELO DA CADEIA
A5: Elo | B5: Papel | C5: Custo Total | D5: Total Pedido | E5: Maior Pedido | F5: Sem. c/ Falta
A6: UCI | B6: Almox da UCI | C6: =UCI!J19 | D6: =UCI!K19 | E6: =MAX(UCI!K4:K18) | F6: =COUNTIF(UCI!G4:G18,">0")
A7: BAFM | B7: Almox da BAFM | C7: =BAFM!J19 | D7: =BAFM!K19 | E7: =MAX(BAFM!K4:K18) | F7: =COUNTIF(BAFM!G4:G18,">0")
A8: GAP-FM | B8: Almox do GAP-FM | C8: ='GAP-FM'!J19 | D8: ='GAP-FM'!K19 | E8: =MAX('GAP-FM'!K4:K18) | F8: =COUNTIF('GAP-FM'!G4:G18,">0")
A9: SDAB | B9: Depósito Central da SDAB | C9: =SDAB!J19 | D9: =SDAB!K19 | E9: =MAX(SDAB!K4:K18) | F9: =COUNTIF(SDAB!G4:G18,">0")
A10: Fabricante | B10: Fabricante | C10: =Fabricante!J19 | D10: =Fabricante!K19 | E10: =MAX(Fabricante!K4:K18) | F10: =COUNTIF(Fabricante!G4:G18,">0")
A11: CUSTO TOTAL DO GRUPO | C11: =SUM(C6:C10)
A13: 📈 PEDIDOS POR SEMANA — EFEITO CHICOTE
A14: Semana | B14: Demanda | C14: UCI | D14: BAFM | E14: GAP-FM | F14: SDAB | G14: Fabricante
A15: 1 | B15: =DEMANDA!B3 | C15: =UCI!K4 | D15: =BAFM!K4 | E15: ='GAP-FM'!K4 | F15: =SDAB!K4 | G15: =Fabricante!K4
A16: 2 | B16: =DEMANDA!B4 | C16: =UCI!K5 | D16: =BAFM!K5 | E16: ='GAP-FM'!K5 | F16: =SDAB!K5 | G16: =Fabricante!K5
A17: 3 | B17: =DEMANDA!B5 | C17: =UCI!K6 | D17: =BAFM!K6 | E17: ='GAP-FM'!K6 | F17: =SDAB!K6 | G17: =Fabricante!K6
A18: 4 | B18: =DEMANDA!B6 | C18: =UCI!K7 | D18: =BAFM!K7 | E18: ='GAP-FM'!K7 | F18: =SDAB!K7 | G18: =Fabricante!K7
A19: 5 | B19: =DEMANDA!B7 | C19: =UCI!K8 | D19: =BAFM!K8 | E19: ='GAP-FM'!K8 | F19: =SDAB!K8 | G19: =Fabricante!K8
A20: 6 | B20: =DEMANDA!B8 | C20: =UCI!K9 | D20: =BAFM!K9 | E20: ='GAP-FM'!K9 | F20: =SDAB!K9 | G20: =Fabricante!K9
A21: 7 | B21: =DEMANDA!B9 | C21: =UCI!K10 | D21: =BAFM!K10 | E21: ='GAP-FM'!K10 | F21: =SDAB!K10 | G21: =Fabricante!K10
A22: 8 | B22: =DEMANDA!B10 | C22: =UCI!K11 | D22: =BAFM!K11 | E22: ='GAP-FM'!K11 | F22: =SDAB!K11 | G22: =Fabricante!K11
A23: 9 | B23: =DEMANDA!B11 | C23: =UCI!K12 | D23: =BAFM!K12 | E23: ='GAP-FM'!K12 | F23: =SDAB!K12 | G23: =Fabricante!K12
A24: 10 | B24: =DEMANDA!B12 | C24: =UCI!K13 | D24: =BAFM!K13 | E24: ='GAP-FM'!K13 | F24: =SDAB!K13 | G24: =Fabricante!K13
A25: 11 | B25: =DEMANDA!B13 | C25: =UCI!K14 | D25: =BAFM!K14 | E25: ='GAP-FM'!K14 | F25: =SDAB!K14 | G25: =Fabricante!K14
A26: 12 | B26: =DEMANDA!B14 | C26: =UCI!K15 | D26: =BAFM!K15 | E26: ='GAP-FM'!K15 | F26: =SDAB!K15 | G26: =Fabricante!K15
... A29: 15 | B29: =DEMANDA!B17 | C29: =UCI!K18 | D29: =BAFM!K18 | E29: ='GAP-FM'!K18 | F29: =SDAB!K18 | G29: =Fabricante!K18
A52: 💬 PERGUNTAS PARA REFLEXÃO
A53: 1. Alguém pediu mais do que a demanda real? Por quê isso aconteceu?
A54: Resposta do grupo...
A56: 2. Em qual elo a amplificação foi maior? O que o gráfico mostra?
A57: Resposta do grupo...
A59: 3. A Fábrica foi incompetente — ou estava reagindo racionalmente ao que via?
A60: Resposta do grupo...
A62: 4. O que mudaria se TODOS os elos conhecessem a demanda real desde o início?
A63: Resposta do grupo...
A65: 5. Como a previsão sazonal e a Curva ABC ajudam a evitar o Efeito Chicote?
A66: Resposta do grupo...
